referral_id,patient_id,team_id,referral_date,discharge_date
1,157,3,2025-04-06,2025-10-19
2,108,6,2026-01-13,2026-06-17
3,72,4,2024-11-21,2026-07-01
4,176,2,2026-02-28,
5,70,2,2025-08-22,2025-10-24
6,190,2,2025-06-23,2025-08-30
7,128,2,2026-07-10,
8,133,5,2025-12-21,2026-02-20
9,144,5,2024-08-16,2024-08-08
10,16,2,2026-02-27,2026-06-21
11,25,4,2026-01-08,2026-03-16
12,144,5,2026-05-25,2026-06-11
13,106,1,2025-03-26,
14,156,2,2025-09-07,
15,167,5,2024-11-17,
16,73,3,2025-03-07,2025-11-02
17,189,4,2026-04-24,2026-06-12
18,119,6,2026-06-12,2026-07-02
19,87,4,2025-10-17,
20,104,1,2024-09-08,2025-02-08
21,82,6,2025-02-10,2025-12-21
22,102,3,2026-04-22,
23,93,6,2025-09-15,2026-01-18
24,48,1,2024-10-12,2025-12-09
25,191,6,2026-01-12,2026-02-11
26,27,1,2024-08-28,2025-09-07
27,7,4,2025-07-31,2025-09-05
28,159,2,2024-09-12,2025-04-07
29,64,6,2025-02-05,
30,33,2,2025-08-02,2025-08-11
31,170,3,2026-04-02,2026-06-30
32,120,5,2026-05-27,
33,114,2,2026-06-21,
34,139,2,2025-09-17,2026-03-25
35,163,5,2025-05-26,
36,164,5,2025-02-24,2025-10-25
37,59,1,2025-05-31,2025-11-15
38,40,3,2024-07-20,2026-03-02
39,35,3,2025-02-07,2025-02-11
40,126,4,2025-02-17,
41,111,3,2025-09-22,2026-03-02
42,49,4,2026-04-18,2026-05-22
43,42,6,2026-01-02,2026-06-10
44,57,3,2024-09-08,
45,62,5,2026-01-22,
46,178,6,2025-01-27,
47,191,,2026-02-24,2026-03-22
48,18,2,2024-10-20,2025-11-26
49,159,4,2025-01-27,
50,126,2,2025-03-04,2025-03-28
51,137,1,2024-11-25,2025-05-12
52,33,6,2025-05-29,2025-09-01
53,39,1,2025-07-08,2025-12-10
54,128,3,2025-06-16,2025-10-23
55,193,2,2024-08-22,
56,101,1,2025-08-14,2025-10-17
57,65,4,2026-03-10,2026-07-10
58,183,2,2025-04-20,2025-08-09
59,9,2,2025-06-14,
60,25,5,2025-11-11,2026-03-06
61,175,3,2026-05-28,2026-06-26
62,11,6,2026-05-29,2026-06-03
63,124,6,2025-02-16,2026-05-17
64,171,2,2026-06-24,2026-07-06
65,84,1,2024-11-12,2025-11-03
66,102,2,2024-07-19,2025-09-13
67,177,4,2025-11-28,2026-02-20
68,23,2,2024-11-05,2026-01-01
69,87,6,2024-08-25,2025-11-11
70,180,5,2026-02-11,2026-04-26
71,82,5,2026-02-09,
72,89,4,2025-12-30,2025-12-29
73,92,6,2024-10-19,2025-08-22
74,113,,2025-02-13,
75,126,2,2025-08-31,2025-12-19
76,188,4,2025-01-30,
77,142,2,2024-09-01,2025-07-04
78,68,5,2025-04-07,2026-04-01
79,130,4,2025-12-31,2026-04-30
80,94,5,2025-01-03,
81,17,6,2026-06-19,2026-06-23
82,175,4,2026-01-23,2026-05-08
83,83,,2025-10-24,2025-11-18
84,169,1,2024-08-14,2024-12-16
85,9,2,2024-09-29,2024-12-02
86,147,6,2026-03-16,
87,126,5,2025-10-12,
88,66,1,2025-04-06,
89,184,1,2024-07-22,2025-11-07
90,21,4,2026-02-18,2026-04-11
91,191,4,2026-03-05,
92,15,5,2025-01-23,2026-02-21
93,78,1,2026-06-03,2026-06-06
94,186,2,2025-08-05,2025-10-10
95,169,2,2025-09-02,2026-02-24
96,143,4,2026-01-09,
97,164,5,2025-03-31,2026-02-24
98,110,1,2024-11-11,2025-10-12
99,130,3,2025-11-05,2026-07-13
100,114,3,2026-05-03,
101,84,3,2025-05-10,
102,111,6,2025-03-06,2025-12-09
103,55,4,2026-01-23,
104,66,3,2026-06-15,2026-07-12
105,1,6,2024-08-07,2025-10-01
106,133,2,2026-07-09,2026-07-09
107,57,2,2026-03-30,2026-06-19
108,177,3,2026-05-15,2026-06-17
109,147,2,2024-09-19,2025-05-12
110,36,,2025-04-07,
111,64,2,2025-01-16,2025-03-06
112,103,5,2026-05-14,
113,20,6,2025-03-07,2025-05-31
114,177,6,2025-09-07,2026-03-10
115,77,1,2025-12-29,
116,98,,2026-02-03,
117,86,3,2026-04-17,2026-05-23
118,31,2,2026-01-10,
119,3,6,2026-02-01,2026-02-09
120,135,1,2025-03-03,
121,39,3,2025-07-15,2025-09-08
122,173,6,2026-07-12,2026-07-13
123,148,5,2024-09-16,2025-03-27
124,101,2,2024-10-17,2025-08-15
125,191,1,2025-08-17,2025-09-14
126,129,4,2026-01-29,2026-06-04
127,124,5,2024-12-04,2025-12-21
128,51,5,2025-10-06,
129,135,2,2025-01-06,2026-03-12
130,83,6,2026-05-19,2026-05-25
131,106,4,2025-04-06,2025-09-01
132,153,6,2024-07-30,2024-11-27
133,90,5,2026-03-05,2026-05-25
134,113,1,2026-05-19,2026-05-30
135,96,2,2026-01-17,2026-02-06
136,14,2,2026-06-06,2026-07-09
137,74,1,2025-03-20,2025-03-02
138,121,1,2025-03-12,
139,138,,2024-12-08,2026-02-18
140,141,4,2025-10-11,2026-04-20
141,172,1,2025-04-14,
142,135,1,2025-01-15,2025-06-18
143,179,,2025-01-27,2026-01-10
144,3,1,2025-04-23,2026-02-13
145,169,3,2026-04-05,2026-05-04
146,167,4,2024-12-28,2025-10-10
147,182,1,2026-05-04,2026-07-04
148,137,1,2024-11-26,2026-06-24
149,144,6,2024-07-28,2026-05-19
150,79,3,2025-07-06,
151,41,1,2025-03-23,2025-09-08
152,78,2,2026-07-11,2026-07-11
153,16,6,2025-01-17,2026-05-15
154,8,5,2026-06-06,2026-06-11
155,101,6,2024-10-21,
156,98,5,2026-06-15,
157,161,6,2024-12-26,2025-11-14
158,110,3,2026-05-09,2026-06-07
159,34,2,2025-11-01,
160,139,6,2026-02-17,2026-04-03
161,181,5,2026-05-08,2026-07-13
162,198,2,2025-11-04,
163,41,3,2024-08-31,2026-06-08
164,31,2,2025-03-02,2026-02-27
165,196,3,2026-04-17,2026-07-10
166,78,,2026-01-09,
167,190,3,2024-11-01,2025-01-06
168,48,1,2026-01-21,
169,158,3,2025-09-28,
170,60,5,2024-12-29,
171,7,3,2024-09-09,
172,123,2,2025-07-15,
173,121,6,2025-10-30,2026-06-05
174,126,4,2024-10-21,2025-03-12
175,105,1,2026-05-20,2026-06-01
176,172,2,2026-01-17,2026-02-17
177,113,5,2025-07-06,2026-05-25
178,64,4,2025-05-04,2026-01-24
179,98,6,2025-02-26,
180,191,5,2025-09-20,2026-03-29
181,181,1,2025-07-28,2026-01-04
182,11,2,2025-07-27,2026-07-08
183,11,5,2025-04-22,
184,162,1,2024-11-28,2025-07-22
185,78,3,2025-06-15,2025-10-09
186,14,,2025-07-25,2026-01-05
187,166,4,2024-09-17,2024-12-01
188,200,5,2026-05-29,
189,140,,2025-04-26,2025-11-12
190,46,4,2025-09-17,
191,52,4,2024-09-16,2025-12-20
192,183,2,2025-12-20,2026-01-07
193,181,4,2025-10-19,2026-03-08
194,99,6,2026-02-11,2026-05-15
195,41,4,2025-08-19,2026-04-28
196,86,5,2026-04-10,2026-04-25
197,38,2,2026-01-26,2026-04-06
198,80,6,2026-01-25,2026-03-15
199,47,1,2026-04-30,2026-04-30
200,196,3,2024-07-21,2026-03-31
201,140,,2025-09-30,2025-12-07
202,151,6,2025-06-25,2025-12-11
203,154,5,2024-07-17,
204,72,5,2025-10-15,2025-10-28
205,38,,2025-11-02,2025-12-08
206,9,6,2025-09-08,
207,77,3,2026-05-16,2026-05-22
208,46,2,2025-11-16,
209,170,6,2025-12-06,
210,144,2,2026-06-19,
211,149,3,2026-05-24,2026-07-02
212,83,3,2026-04-30,2026-06-25
213,141,1,2025-02-12,2025-04-16
214,71,,2025-08-02,2025-10-13
215,54,5,2024-08-24,
216,187,6,2025-08-03,2026-01-16
217,177,,2026-05-26,
218,74,4,2025-10-01,2025-12-14
219,148,5,2025-03-28,2026-01-12
220,128,5,2025-12-28,2026-04-04
221,47,5,2024-12-30,2026-07-02
222,1,1,2024-07-30,
223,31,6,2026-03-24,
224,107,4,2024-08-15,2025-09-10
225,164,2,2024-07-21,2025-12-01
226,66,1,2025-02-22,2025-11-27
227,197,1,2024-10-04,2025-05-13
228,186,5,2025-10-06,2026-05-27
229,50,3,2026-03-14,
230,123,4,2026-02-15,
231,35,4,2024-11-03,2026-05-08
232,138,3,2025-06-16,2025-05-23
233,15,5,2025-02-16,
234,174,3,2025-08-22,2025-10-28
235,176,3,2026-02-17,2026-02-26
236,39,3,2026-03-19,2026-07-12
237,161,5,2026-03-20,
238,156,4,2024-11-26,2026-04-24
239,193,3,2025-12-10,2026-05-12
240,70,4,2024-09-14,2025-05-20
241,78,2,2025-07-31,2025-09-08
242,10,,2026-05-11,2026-06-12
243,124,5,2024-11-02,2026-05-27
244,188,5,2025-02-24,2025-05-07
245,26,5,2025-11-19,2026-01-06
246,10,4,2025-04-22,2025-04-05
247,80,1,2025-11-27,
248,23,3,2025-06-19,2025-07-29
249,197,6,2026-01-09,2026-04-26
250,80,6,2026-04-26,2026-04-21
251,74,3,2025-08-06,
252,113,6,2024-10-07,2025-01-16
253,30,1,2026-06-13,
254,132,1,2024-12-11,2025-10-25
255,70,2,2026-06-02,2026-06-26
256,44,1,2025-02-25,2025-11-24
257,13,2,2024-08-03,
258,13,1,2025-04-19,2025-10-28
259,46,6,2025-09-21,
260,162,6,2025-12-06,
261,92,3,2025-03-12,2025-03-09
262,172,5,2024-09-08,
263,196,4,2025-09-01,2026-05-15
264,179,4,2024-09-22,2025-12-17
265,182,4,2025-06-21,2025-08-15
266,158,3,2026-05-11,2026-05-22
267,171,3,2026-02-09,2026-04-20
268,8,,2025-06-25,2025-12-25
269,44,3,2026-01-25,
270,148,2,2025-07-19,2026-05-09
271,28,3,2025-08-23,2026-05-07
272,137,4,2025-05-01,2025-08-13
273,63,5,2024-11-06,2025-06-30
274,88,2,2026-02-27,
275,111,4,2025-08-31,2026-02-19
276,61,2,2025-11-09,2026-05-10
277,183,5,2026-03-16,2026-05-26
278,119,3,2025-08-22,2025-10-18
279,104,1,2025-09-23,
280,153,4,2025-03-09,
281,170,1,2024-09-17,2026-04-30
282,194,6,2026-02-24,
283,38,6,2024-10-30,2025-04-29
284,158,5,2025-06-04,2026-03-07
285,82,3,2025-09-02,
286,78,4,2025-12-19,2026-07-11
287,150,1,2025-10-02,2026-01-25
288,33,3,2024-08-27,
289,14,1,2025-12-09,2026-01-01
290,73,1,2024-12-31,
291,152,,2025-10-13,
292,98,4,2025-04-17,2025-07-21
293,45,,2024-10-22,
294,99,3,2026-03-19,2026-04-21
295,172,2,2024-10-19,2025-12-03
296,37,6,2026-04-20,
297,112,2,2024-09-12,
298,107,4,2026-04-27,
299,155,4,2025-10-11,2026-02-28
300,142,4,2025-04-20,2025-07-12
